username;name;gender;birth_date;account_creation;pay_method;account_status
MáriCarvalho28;Mário Carvalho;M;12/04/1983;29/10/2021;;active
;Rafaela Mendes;F;10/11/1977;11/06/2013;cash;active
BriaMoreira;Brian Moreira;M;14/07/1971;10/11/2010;cash;ACTIE
CristAlmeida-Monteiro87;Cristiano Almeida-Monteiro;M;20/05/1965;27/02/2011;credit_card;?
AnVicente61;António Vicente;M;13/01/1956;40/03/2016;cash;active
JoMagalhães145;Joaquim Magalhães;M;12/02/1967;13/12/2012;credit_card;<missing>
WilCardoso144;William Cardoso;;09/04/1999;08/08/2012;debit_card;active
MaPaiva52;Matias Paiva;M;24/02/1951;?;credit_card;active
RiCorreia;Ricardo Correia;M;37/06/1952;25/09/2010;debit_card;active
MaVicente-Andrade;Mara Vicente-Andrade;F;19/05/1975;date;credit_card;active
MOliveira;Mia da Oliveira;F;31/12/2001;09/10/2020;credit_card;?
LucGuerreiro46;Luca Guerreiro;M;09/06/1980;17/05/2016;debit_card;?
SaNogueira101;Samuel Nogueira;M;31/05/1995;29/06/2020;cash;?
FabiPinto83;Fabiana da Pinto;F;22/04/1984;59/07/2013;debit_card;active
LiRibeiro39;Lia Ribeiro;F;01/09/1981;04/09/2010;debit_card;<missing>
BenedMagalhães;Benedita Magalhães;F;30/07/1980;03/10/2011;cash;actie
;Caetana Vieira;F;31/08/1993;04/04/2019;credit_card;active
SalFigueiredo-Miranda9;;F;28/12/1986;12/02/2014;debit_card;active
;Raquel do Pinheiro;F;13/03/1979;11/11/2013;cash;active
AlexanVaz;Alexandre de Vaz;M;25/07/1952;<missing>;debit_card;active
MiPereira;Mia Pereira;F;22/02/1959;21/10/2018;debit_card;<missing>
ViPaiva16;Vicente Paiva;M;1974/06/04;08/12/2017;cash;active
JorgAlmeida;Jorge Almeida;M;04/05/1956;<missing>;credit_card;active
PVicente122;Pedro Vicente;M;1983;25/11/2010;cash;active
EdgAndrade147;Edgar Andrade;M;13/05/1975;29/12/2013;credit_card;ctive
ÍrBaptista118;Íris Baptista;F;?;07/03/2020;cash;active
;Bryan Cunha;M;02/07/1956;02/11/2010;credit_card;active
BenedBaptista87;Benedita Baptista;F;2002;21/04/2012;debit_card;active
CRodrigues;Camila Rodrigues;F;17/06/2001;30/17/2014;credit_card;active
HuMachado13;Hugo Machado;;30/12/1952;11/05/2021;debit_card;active
HuCampos23;Hugo Campos;M;17/02/1956;18/11/2021;credit_card;ative
LaGuerreiro73;;F;15/07/1959;08/09/2014;credit_card;active
HeleAndrade;Helena Andrade;;01/08/1962;15/12/2012;cash;active
VicBrito44;Vicente Brito;M;16/08/1989;2019/10/23;debit_card;active
MiguValente;;M;10/09/2000;12/09/2016;credit_card;active
Constança-CarAssunção;Constança-Carlota Assunção;F;14/10/1950;04/02/2015;cash;
BernaBaptista;Bernardo Baptista;M;01/07/1996;07/06/2017;credit_card;<missing>
RAntunes118;Rita Antunes;F;18/02/1974;11/08/2012;;active
RBarbosa;Rúben Barbosa;M;2003/09/25;13/10/2010;cash;active
MiSoares;Mia de Soares;F;06/01/1997;18/10/2021;credit_card;actie
IaGuerreiro-Ribeiro;Iara Guerreiro-Ribeiro;F;23/08/1960;12/09/2019;credit_card;<missing>
GustaOliveira;Gustavo Oliveira;M;28/11/1954;05/02/2011;;Active
Petra-MCarvalho63;;F;09/12/1994;13/09/2012;credit_card;active
AmAnjos109;Amélia do Anjos;;05/08/1967;12/01/2016;credit_card;inactive
MarcoVicente;Marcos Vicente;M;06/09/1964;2021/11/13;cash;active
ÉFernandes137;Érica-Mara Fernandes;F;18/12/1991;2013/04/18;cash;active
MarCruz;Marcos Cruz;M;07/11/1979;19/12/2010;debit_card;?
LeAraújo103;Leonardo Araújo;M;08/04/1958;12/08/2016;;active
ABranco-Amorim29;Alice Branco-Amorim;F;17/10/1975;12/07/2012;;active
FilipNunes;Filipe Nunes;M;;19/10/2018;cash;active
ClarMoreira114;Clara Moreira;F;26/03/1954;///;debit_card;active
;Margarida Esteves;F;20/11/1966;24/03/2018;debit_card;active
MiNeto;Mia Neto;;10/01/1981;13/09/2020;debit_card;active
IsabelPereira-Coelho;Isabela Pereira-Coelho;;01/06/1975;25/10/2010;debit_card;active
CaMota;Catarina Mota;F;;29/09/2021;credit_card;active
EnzMelo;Enzo Melo;M;16/06/1974;18/03/2013;debit_card;<missing>
MTorres39;Márcio Torres;M;16/01/1959;10/02/2012;cash;actie
BrPinheiro113;Bryan Pinheiro;M;05/12/1976;?;cash;active
DNogueira-Borges;Diana Nogueira-Borges;F;21/10/2004;30/05/2010;credit_card;
FilFreitas28;Filipe Freitas;M;07/12/1971;09/03/2013;debit_card;acive
KelCarneiro22;Kelly Carneiro;F;22/17/1982;29/07/2017;cash;active
LuaLima81;Luana Lima;;24/12/1971;20/11/2010;cash;active
IgBrito28;Igor Brito;M;08/02/2004;2017;cash;active
DAndrade5;Dinis Andrade;M;date;10/06/2017;cash;inactive
LunOliveira;Luna Oliveira;;22/09/1951;19/11/2019;credit_card;active
XSoares129;Xavier do Soares;M;04/11/1968;;debit_card;active
LunTeixeira;Luna do Teixeira;F;07/02/1998;07/11/2018;credit_card;activ
LAndrade65;Luísa do Andrade;F;03/11/1984;<missing>;credit_card;active
EmanuMarques;Emanuel de Marques;M;<missing>;22/12/2017;cash;active
MLopes12;Miguel Lopes;M;23/06/1971;31/12/2011;debit_card;<missing>
ToNeto144;Tomás Neto;M;23/05/1981;2019;credit_card;active
RúbVieira97;Rúben Vieira;M;04/01/1985;08/11/2014;debit_card;
;Francisca Brito;F;29/05/1963;05/03/2013;credit_card;active
RSimões;Rita Simões;F;04/07/1952;21/03/2019;;active
;Ângelo Pinheiro;M;06/09/1992;20/09/2011;debit_card;active
;Emma Sá;F;14/11/1994;30/10/2011;debit_card;active
;Núria Rocha;F;03/10/1999;25/05/2020;cash;active
LuciaCunha;Luciana Cunha;F;date;18/01/2018;credit_card;active
RuBarros147;Rui Barros;M;10/03/1956;date;debit_card;active
MatiPinheiro;Matilde Pinheiro;F;1981;06/06/2012;credit_card;active
;Rui Nascimento;M;13/07/2002;27/08/2014;credit_card;active
JorgLeal;Jorge Leal;M;15/09/1952;20/11/2020;cash;<missing>
BerBaptista1;Bernardo Baptista;;30/08/1966;07/03/2016;credit_card;active
MGomes150;Maria de Gomes;F;02/12/1961;27/03/2017;credit_card;?
ECoelho;Enzo Coelho;M;12/02/1965;01/02/2017;;active
DuaBranco;Duarte Branco;M;26/06/1998;24/16/2011;debit_card;active
MaurPaiva109;Mauro Paiva;M;26/07/2003;14/10/2018;debit_card;<missing>
AnSimões8;Ana Simões;F;18/09/1983;2019;debit_card;active
CamSá13;Camila de Sá;F;01/02/1963;2015/07/11;debit_card;active
EduardDomingues;Eduarda Domingues;F;16/06/1966;27/09/2011;credit_card;
ÁLima25;Álvaro Lima;M;29/08/1971;01/15/2019;debit_card;active
JosNeves;José Neves;;23/07/1963;25/07/2014;debit_card;active
MiCoelho-Alves;Mia Coelho-Alves;F;10/07/1999;2021/05/01;debit_card;Active
IsSoares;Isaac Soares;M;date;23/09/2014;cash;active
;David Santos;M;20/02/1956;25/12/2018;cash;active
SimPacheco114;Simão Pacheco;M;09/02/1995;date;debit_card;active
LuCruz8;Luísa Cruz;F;18/06/1997;2011;debit_card;active
MárcCosta;Márcio Costa;M;30/10/1969;08/09/2016;debit_card;acive
;Renato Cunha;M;26/09/1980;29/10/2015;debit_card;active
CamiVieira;Camila Vieira;F;26/08/1996;25/02/2011;cash;<missing>
DiniSá115;Dinis Sá;;14/05/2002;11/09/2021;credit_card;active
BruPinto141;Bruno Pinto;M;31/08/1982;55/11/2019;debit_card;active
;Micael Andrade;M;17/04/1982;17/06/2013;cash;active
RNascimento40;Rita Nascimento;F;16/06/1967;29/22/2018;debit_card;active
CaroliTavares;Carolina de Tavares;F;18/09/2002;08/11/2010;credit_card;<missing>
RitLourenço;Rita Lourenço;F;24/07/1957;04/05/2014;cash;
MafalValente135;Mafalda Valente;F;29/10/1966;09/04/2013;debit_card;
NádiGarcia;Nádia do Garcia;;10/01/1998;14/05/2014;cash;active
LúNunes-Guerreiro50;Lúcia Nunes-Guerreiro;F;date;25/06/2017;debit_card;active
GonBaptista45;Gonçalo Baptista;M;01/09/1962;01/08/2021;debit_card;
SimRibeiro;Simão Ribeiro;M;08/03/1981;31/01/2020;credit_card;?
VAnjos25;Vera do Anjos;F;;03/03/2013;credit_card;active
VBaptista-Moreira;Vitória Baptista-Moreira;F;1969;11/02/2020;credit_card;active
GustaMonteiro63;Gustavo Monteiro;M;04/07/1975;08/05/2017;credit_card;
DieMendes33;Diego Mendes;M;///;05/12/2010;cash;ACTIVE
EriLeal8;Erica Leal;F;15/05/1951;27/01/2020;;active
TomCampos7;Tomé Campos;M;11/02/1999;27/02/2017;cash;activ
CarolinaPacheco;Carolina-Alice Pacheco;F;25/03/1961;35/06/2019;credit_card;active
PeVieira;Pedro Vieira;M;05/02/1973;02/12/2015;credit_card;<missing>
BeneditCastro135;Benedita-Yasmin Castro;F;04/07/1970;09/04/2018;credit_card;
ArMendes;Ariana Mendes;F;10/01/1972;date;debit_card;active
;Júlia Morais;F;26/12/2002;20/07/2017;credit_card;inactive
DioAbreu15;Diogo Abreu;M;09/09/2002;30/05/2019;credit_card;?
MatiMiranda;Matias Miranda;M;03/06/1958;26/08/2014;;active
NMarques;Naiara Marques;F;25/09/1990;12/06/2011;credit_card;<missing>
JoaquiMoreira;Joaquim Moreira;M;21/03/1961;19/01/2017;cash;
MiriPinho121;Miriam Pinho;F;27/08/1968;19/01/2014;cash;?
KyarRocha126;Kyara Rocha;F;24/12/1954;25/05/2016;debit_card;ctive
;Noah Mendes;M;20/02/1983;19/05/2013;credit_card;active
AméBarros18;Amélia Barros;F;1988/09/12;09/08/2018;cash;active
AlicAmaral-Fernandes133;Alice Amaral-Fernandes;;12/10/1972;15/11/2013;cash;active
BMagalhães;Bryan da Magalhães;M;19/06/1956;03/10/2013;;active
AndrJesus143;André Jesus;M;45/07/1994;23/07/2014;credit_card;active
ÉriReis4;Érica Reis;F;12/07/1955;23/07/2020;cash;
SBatista87;Sara Batista;;23/08/1974;21/11/2012;cash;active
EduardSoares48;Eduardo Soares;M;23/01/1960;01/10/2013;cash;?
BAmaral113;Brian Amaral;M;06/10/2004;18/01/2020;;active
EdTavares;Eduardo Tavares;;01/07/1984;23/10/2019;credit_card;active
;Renata Simões;F;18/08/1994;24/09/2016;cash;Active
IgoVicente4;Igor Vicente;M;///;20/08/2018;cash;active
NaiCorreia140;Nair do Correia;F;11/04/1961;06/05/2021;credit_card;activ
VitóLoureiro;Vitória Loureiro;F;13/10/1988;;cash;active
ÂngPacheco;Ângelo Pacheco;M;08/12/1961;11/06/2012;cash;?
SoCruz76;Sofia Cruz;F;19/06/1966;20/12/2019;debit_card;?
FabianCruz149;Fabiana Cruz;F;03/10/1982;20/10/2019;credit_card;
GuilherMoura;Guilherme Moura;M;15/24/2002;28/02/2011;debit_card;active
CPaiva95;;F;17/09/1974;05/04/2013;credit_card;active
DéborRodrigues;;F;27/07/1995;31/12/2016;cash;active
TaMoreira27;Tatiana Moreira;F;15/02/1959;20/11/2012;;active
MaRodrigues;;M;02/02/1994;21/06/2010;credit_card;active
CarlCorreia44;Carlota da Correia;F;29/06/1993;;debit_card;active
ÉMendes142;Érica Mendes;F;///;08/07/2013;cash;active
GabrielSá-Freitas;Gabriela Sá-Freitas;F;13/11/1975;2014/07/04;cash;active
DiogMaia148;Diogo Maia;M;<missing>;31/01/2013;credit_card;active
;Bruno Fernandes;M;11/01/1958;18/11/2012;credit_card;active
GuilherDomingues;Guilherme Domingues;M;date;11/03/2013;cash;active
HenriqMota;Henrique Mota;M;05/17/1953;20/05/2018;cash;active
PedPinheiro6;Pedro Pinheiro;M;;06/09/2021;credit_card;active
BerRodrigues;Bernardo Rodrigues;M;26/10/1980;19/03/2019;credit_card;<missing>
IsabeGaspar86;Isabela Gaspar;F;30/06/1951;08/07/2020;credit_card;?
TomMagalhães23;Tomás Magalhães;M;15/04/1969;27/05/2013;credit_card;Ative
KRibeiro105;Kevin Ribeiro;M;17/03/1994;23/12/2021;cash;
LBorges19;Luís Borges;;11/10/1964;10/10/2011;cash;active
MartiNeto;Martim Neto;M;22/01/1971;04/07/2021;credit_card;
TatiSantos57;Tatiana Santos;F;22/02/1968;25/13/2014;debit_card;active
ÉAraújo29;Érica da Araújo;F;27/07/1964;<missing>;cash;Active
LarRodrigues111;Lara Rodrigues;;29/07/1950;14/04/2018;credit_card;active
LorRodrigues;Lorena Rodrigues;;31/08/1999;22/01/2018;credit_card;active
Ema-CarlotSousa;;F;15/03/1996;30/03/2021;cash;active
KévMonteiro;Kévim Monteiro;M;27/05/1996;05/06/2013;debit_card;<missing>
;Marco Nascimento;M;12/10/2002;15/06/2012;debit_card;active
LuíSousa90;Luís Sousa;M;02/08/1997;?;cash;active
XavRibeiro66;Xavier Ribeiro;;14/01/1988;22/10/2021;debit_card;active
MartGomes106;Marta Gomes;F;1950;29/11/2019;debit_card;active
CMoura100;César Moura;M;1982/03/06;08/05/2018;cash;active
BáReis90;Bárbara Reis;F;10/02/1981;date;cash;active
MelissCorreia21;;F;25/06/1976;30/05/2017;credit_card;active
MélaMatias99;Mélanie de Matias;F;13/10/1983;25/11/2021;;active
IsaAmaral;Isabela Amaral;F;05/01/1994;08/05/2012;credit_card;<missing>
TatiaMorais;Tatiana Morais;F;22/07/1960;18/07/2011;cash;
GusMota;Gustavo Mota;M;///;16/08/2020;cash;active
RuOliveira98;Rui Oliveira;M;12/09/1983;05/05/2020;cash;<missing>
JorCosta-Pires18;Jorge Costa-Pires;M;08/05/1996;15/06/2019;debit_card;acive
TeMartins26;Teresa Martins;F;23/12/1970;23/01/2017;;active
NicoMatos105;Nicole de Matos;F;05/05/1975;;debit_card;inactive
AndrSá;André Sá;M;01/09/2003;20/09/2016;;active
IsPinto122;Isabela-Emma Pinto;F;14/12/1976;25/04/2015;cash;acive
;Rui Leite;M;18/12/1998;29/04/2018;debit_card;ACTIVE
;Pilar Melo;F;19/05/1972;03/04/2013;debit_card;active
;Martim Carneiro;M;19/09/1987;07/03/2017;credit_card;active
IsSilva;Ismael Silva;M;21/07/1958;12/09/2013;cash;?
;Clara Miranda;F;26/12/1973;12/02/2019;credit_card;active
VLopes;Vicente Lopes;M;22/05/1983;08/07/2019;;active
FredericAlmeida2;Frederico Almeida;M;19/04/1977;23/06/2014;credit_card;ACTVE
RenatMoreira85;Renato Moreira;M;08/02/1994;23/04/2021;cash;<missing>
MicaeCoelho-Simões;Micael Coelho-Simões;M;27/05/1957;?;cash;active
FilSá37;Filipe Sá;M;31/12/2003;31/05/2019;debit_card;
ERocha-Gomes78;Emma Rocha-Gomes;F;13/02/1978;21/12/2011;credit_card;
;Jorge Miranda-Pereira;M;26/02/1998;21/05/2021;cash;active
GDomingues30;Gil Domingues;M;29/05/1953;24/04/2012;credit_card;?
Ana-Soares12;Ana-Rita Soares;;31/12/1982;14/10/2010;credit_card;active
APinho141;;F;25/06/1976;03/05/2019;credit_card;active
CarlAndrade117;Carlos Andrade;M;18/04/1992;22/04/2021;cash;
SandNeto16;Sandro Neto;M;16/04/1970;04/06/2014;credit_card;<missing>
EmLeite64;Ema do Leite;F;1951;10/03/2010;debit_card;active
GonçaMendes;;M;18/11/1954;27/07/2020;cash;active
SAlves116;Sandro de Alves;M;07/11/1975;25/01/2017;credit_card;?
BeAraújo25;Benedita Araújo;F;17/03/1982;27/10/2012;debit_card;
ClarAzevedo17;;F;30/10/1970;20/10/2019;cash;active
JosCampos;;M;28/12/1987;01/04/2018;credit_card;active
VictMartins15;Victória Martins;F;20/05/1957;///;debit_card;active
MélaniCoelho;;F;27/09/1960;30/08/2011;credit_card;active
MauVieira83;Mauro Vieira;M;10/02/2003;16/08/2016;;active
SorAbreu;Soraia de Abreu;F;19/11/1963;06/08/2021;cash;?
VicePinho98;Vicente Pinho;;26/06/1974;10/07/2017;cash;active
Emma-VeMatias19;Emma-Vera Matias;;23/07/2000;03/02/2020;debit_card;active
MartAraújo;Martim da Araújo;M;20/05/1995;22/01/2019;cash;
JoaquiOliveira;Joaquim Oliveira;M;20/02/1985;54/10/2010;cash;ACTIVE
Petra-CarlotBarros49;Petra-Carlota Barros;F;23/12/2004;<missing>;credit_card;active
VictGarcia70;Victória Garcia;F;07/07/1971;2015/01/30;credit_card;active
EMarques90;Emma Marques;F;18/11/1967;27/08/2016;credit_card;<missing>
KevMota23;Kevin Mota;M;14/07/1956;?;debit_card;Active
YaSoares128;;F;11/01/1989;26/09/2020;cash;inactive
ValentiBorges130;Valentim Borges;M;13/06/2000;05/12/2021;cash;?
JúliFerreira17;Júlia da Ferreira;F;17/12/1955;19/12/2012;debit_card;
LBaptista76;Lara Baptista;F;07/09/1950;19/07/2019;debit_card;ctive
AlexandrPinheiro96;;M;04/11/1952;22/11/2018;cash;active
TatiMatias1;Tatiana Matias;F;date;17/01/2013;debit_card;ACTIVE
HenriBrito26;Henrique Brito;;21/11/2003;26/10/2013;cash;active
RafAlmeida;Rafael da Almeida;M;25/07/2002;16/07/2018;debit_card;<missing>
GonçBranco47;Gonçalo Branco;M;03/11/1977;2020/09/26;cash;active
ManueCampos4;Manuel Campos;M;31/10/1955;13/09/2011;;active
AndrMendes124;André Mendes;M;;20/04/2010;debit_card;active
IsabeNeto-Matias;;F;26/07/1984;30/11/2011;credit_card;active
PeLima110;Petra do Lima;F;31/01/1954;?;cash;active
LoAzevedo;Lorena Azevedo;F;30/09/1978;///;cash;active
LucMelo110;Luciana Melo;F;1991;09/06/2013;credit_card;active
EmBaptista138;Emma Baptista;F;50/08/2004;10/07/2020;credit_card;active
FernanCastro127;Fernando Castro;M;02/07/1969;05/10/2018;;active
HeleAlmeida42;Helena Almeida;F;///;30/11/2021;cash;active
DNeves65;Daniel Neves;M;15/01/1999;date;debit_card;active
RuGarcia;Rui Garcia;M;23/12/1965;<missing>;cash;active
Ariana-AlexanLima80;Ariana-Alexandra Lima;F;12/01/1997;23/02/2011;credit_card;
NicolBatista-Rocha96;Nicole Batista-Rocha;;09/10/1974;23/03/2019;debit_card;active
VasLeite;Vasco Leite;M;1991/01/03;30/03/2011;cash;inactive
WilMarques-Vaz;Wilson Marques-Vaz;;02/04/1965;16/09/2015;cash;active
SebaPires11;;M;18/07/1994;08/02/2019;credit_card;ACTIVE
LoNascimento;;M;25/02/1998;08/04/2016;cash;active
NiBarbosa29;Nicole Barbosa;F;07/02/1957;15/11/2013;credit_card;actve
NoAraújo61;Noa Araújo;M;18/10/1997;08/07/2021;credit_card;
RafaAbreu;Rafaela Abreu;F;16/12/1983;18/06/2013;debit_card;actve
MárBatista104;Márcio Batista;M;///;22/12/2013;credit_card;active
LeonarBorges16;Leonardo Borges;M;05/02/1979;07/12/2012;debit_card;ctive
AGaspar27;;M;28/03/1999;16/07/2016;credit_card;active
;Santiago da Costa;M;03/07/1994;12/06/2011;credit_card;active
Bianca-AlexVieira;Bianca-Alexandra Vieira;;13/08/1993;06/11/2014;cash;active
HuLima35;Hugo do Lima;M;date;20/12/2011;credit_card;active
EnzMatias;Enzo Matias;M;02/09/1992;04/11/2015;cash;<missing>
IrinLopes;Irina Lopes;;13/11/1989;25/09/2017;credit_card;inactive
TAlves107;Tiago Alves;M;04/08/1963;16/12/2016;;active
GonçNunes;Gonçalo Nunes;M;23/12/1953;19/08/2012;;active
;Noah de Baptista;M;06/09/1964;02/10/2021;cash;active
AAbreu-Pereira;Andreia Abreu-Pereira;F;20/12/1966;12/07/2019;;active
XavPereira;Xavier Pereira;M;25/07/1959;21/10/2011;cash;?
DavGomes;David Gomes;M;date;12/09/2014;credit_card;active
DFaria117;Daniel Faria;M;19/11/1977;24/01/2015;debit_card;?
IFerreira63;Ivan de Ferreira;M;27/11/1972;///;debit_card;active
VPinho19;Valentim Pinho;M;?;27/10/2018;cash;active
GonçalEsteves;Gonçalo Esteves;;06/10/1999;22/02/2013;debit_card;active
LeonVieira;Leonardo Vieira;;18/10/1985;30/01/2013;debit_card;ACTIVE
HenAnjos;Henrique Anjos;;23/09/1950;23/05/2019;cash;active
MelisCampos;Melissa Campos;F;12/01/1985;?;credit_card;active
EmíRocha128;Emília Rocha;F;09/06/1966;?;cash;active
AfonsAlves;Afonso Alves;M;02/07/1950;01/04/2017;credit_card;inctive
DaviBarbosa24;;M;05/10/1963;01/06/2021;credit_card;active
CristiaVaz100;Cristiano Vaz;M;07/05/1965;28/10/2020;;active
Melissa-IaRocha142;Melissa-Iara Rocha;F;17/02/1964;09/06/2017;cash;?
YaReis115;Yara do Reis;F;13/01/1992;03/07/2013;cash;
SMorais132;Sofia Morais;F;10/12/1962;12/10/2014;;active
ÂHenriques127;Ângela Henriques;F;2001/11/07;20/03/2010;cash;Active
WilsPinto;Wilson Pinto;M;05/05/1994;///;debit_card;active
MigueCoelho110;Miguel Coelho;;27/03/1954;02/12/2015;cash;active
MCastro-Guerreiro76;;F;06/06/1958;25/01/2014;debit_card;active
MélaniSá;Mélanie Sá;F;;03/11/2015;debit_card;active
FAmaral130;Filipa Amaral;F;19/11/1979;///;debit_card;active
MadalenGomes52;Madalena Gomes;F;22/10/1961;06/09/2017;cash;
VascFernandes31;Vasco Fernandes;M;12/02/1981;03/10/2016;cash;
Tatiana-LetícSilva114;;F;11/10/2004;21/05/2010;credit_card;active
SantMonteiro114;Santiago Monteiro;;17/01/1955;21/10/2020;debit_card;active
MMacedo64;;M;29/06/1978;19/08/2014;debit_card;active
LuciMoreira82;;F;22/05/1989;24/11/2015;debit_card;active
NelsPinto-Vicente;;M;03/03/1992;04/06/2014;credit_card;active
ValentFerreira-Gaspar;Valentim Ferreira-Gaspar;M;18/03/1998;<missing>;credit_card;active
HeAnjos;Henrique Anjos;;11/07/1963;22/07/2021;cash;active
FernaPires114;;M;15/04/1956;22/12/2010;cash;active
DiegAlves131;Diego Alves;M;date;13/06/2012;credit_card;active
Matilde-BeatrPacheco41;;F;28/03/1970;12/05/2018;credit_card;inactive
MargAraújo41;;F;16/05/1968;18/10/2014;credit_card;active
BernardFonseca;Bernardo Fonseca;M;13/10/1973;26/11/2012;cash;acive
PeGomes;Petra Gomes;F;29/09/1971;10/03/2010;;active
EduaCampos-Figueiredo;Eduardo Campos-Figueiredo;M;?;06/12/2011;debit_card;inactive
SamCardoso146;Samuel Cardoso;M;13/03/1984;30/12/2015;;active
DianCastro124;Diana Castro;F;08/06/1967;25/01/2014;debit_card;<missing>
DiaGomes29;Diana Gomes;F;30/01/2001;29/10/2017;debit_card;<missing>
;Isabel Machado;F;30/10/1994;29/10/2010;cash;active
PatrPacheco;Patrícia de Pacheco;F;///;11/02/2017;credit_card;active
KyaVicente;Kyara-Rita Vicente;;18/05/1953;31/01/2019;debit_card;active
;Frederico Ramos;M;22/11/1984;18/03/2016;debit_card;active
DenAraújo;Denis Araújo;M;07/06/1971;///;debit_card;active
LBarros-Guerreiro;Leandro Barros-Guerreiro;M;11/01/1996;date;credit_card;active
JéssicaAbreu;;F;01/12/1968;08/08/2017;cash;active
ÍriRibeiro;Íris Ribeiro;F;<missing>;18/10/2010;credit_card;active
RenGarcia142;Renato Garcia;M;25/05/1989;27/06/2012;credit_card;
TaMatias;Tatiana Matias;F;28/01/1969;24/07/2018;cash;?
AriaLoureiro74;Ariana Loureiro;F;03/12/1977;25/19/2020;cash;active
FerJesus11;;M;30/01/1991;15/06/2019;cash;active
;Daniela Gomes;F;26/11/1952;24/06/2018;debit_card;active
BryaTeixeira;Bryan do Teixeira;M;08/10/1967;19/07/2014;;active
NVaz26;Nicole de Vaz;F;;19/11/2019;debit_card;active
BárbarFerreira128;Bárbara Ferreira;F;51/10/1962;29/05/2012;cash;active
IvAbreu113;Ivo Abreu;;09/03/1979;19/06/2010;debit_card;active
Núria-TatiCunha;Núria-Tatiana Cunha;F;04/02/1965;20/09/2019;;active
KéviBaptista130;Kévim Baptista;M;?;10/01/2010;cash;active
DuarJesus;Duarte Jesus;M;20/03/1998;13/05/2013;debit_card;actie
VFaria69;Vítor Faria;M;25/14/1999;11/07/2013;cash;inactive
;Marta-Patrícia Ribeiro;F;31/01/1977;13/12/2017;cash;active
EmJesus87;Ema Jesus;F;28/07/1973;07/05/2016;;active
;Laura Machado;F;14/01/1951;19/04/2011;credit_card;active
MigueAlmeida30;Miguel Almeida;M;10/10/1952;09/08/2015;;active
NoHenriques42;Noa Henriques;M;1975/10/28;01/08/2015;credit_card;active
Francisca-ViolJesus;;F;28/10/2003;28/04/2017;debit_card;active
RNogueira69;Renato Nogueira;M;26/03/1972;14/08/2016;cash;?
JoãFerreira97;João Ferreira;M;1998/12/13;22/02/2015;cash;active
DéboAlves;Débora Alves;F;07/07/2002;07/04/2019;;active
VicenNascimento-Fonseca119;;M;15/06/1983;12/02/2019;cash;active
LNascimento-Maia;Luca Nascimento-Maia;M;24/07/1964;15/09/2013;credit_card;?
SoMelo126;Sofia Melo;F;19/11/1981;<missing>;credit_card;active
CaroliAlves-Sousa;Carolina Alves-Sousa;F;06/11/1957;27/08/2017;;active
LarissMoreira;Larissa Moreira;F;08/02/1969;19/12/2013;;active
RPires;Rodrigo Pires;M;11/01/1954;17/09/2013;debit_card;acive
LuíFreitas71;Luís Freitas;;25/04/1992;24/04/2014;credit_card;ACTIVE
CoValente140;Constança Valente;F;03/09/1999;;cash;active
HenriquFonseca;Henrique Fonseca;;07/07/1954;08/12/2017;debit_card;active
MNogueira118;Marta Nogueira;F;<missing>;08/08/2016;credit_card;active
PetMelo-Pinheiro;Petra Melo-Pinheiro;F;12/06/1969;46/05/2010;cash;active
HuPaiva127;;M;28/02/1996;24/06/2021;cash;active
ToDomingues79;Tomé Domingues;M;///;27/01/2014;credit_card;active
DanMoura135;Daniel de Moura;M;30/04/1956;18/21/2014;credit_card;active
KCosta;Kévim Costa;;13/11/1986;14/08/2015;cash;active
DeniMonteiro110;Denis Monteiro;M;26/01/1989;05/02/2016;credit_card;
DieAzevedo111;Diego Azevedo;;12/06/1950;21/11/2012;credit_card;active
TiaOliveira73;Tiago Oliveira;M;14/01/1955;03/02/2018;;active
DTavares138;Dinis Tavares;M;23/04/1972;27/09/2015;credit_card;<missing>
TRamos108;Tomás Ramos;M;16/01/1961;16/12/2011;credit_card;actve
DTorres26;Diana Torres;F;17/05/1962;01/06/2013;debit_card;ative
CAbreu74;César Abreu;M;03/01/1957;10/01/2017;cash;<missing>
RitCorreia97;Rita Correia;;28/05/1964;26/10/2010;cash;active
TomAraújo25;Tomás Araújo;M;19/05/1971;15/05/2014;credit_card;<missing>
;Henrique Gaspar;M;25/06/1957;29/03/2020;cash;active
DéboMorais-Paiva;;F;06/05/1956;11/11/2015;credit_card;ACTIVE
PaulMachado;Paulo Machado;M;23/06/1968;05/24/2017;credit_card;active
VaPinho;Vasco Pinho;M;16/10/1976;20/10/2014;credit_card;ctive
RaqSoares;;F;09/05/1962;23/09/2013;debit_card;active
MélBatista122;Mélanie Batista;F;29/09/1959;date;credit_card;active
LVieira57;Luana Vieira;F;21/02/1987;?;cash;active
CéTavares90;;M;09/03/1960;21/06/2013;debit_card;active
SebastiãVicente55;Sebastião Vicente;M;20/02/1974;20/02/2016;credit_card;actve
MateuFreitas;Mateus de Freitas;M;11/03/1971;24/12/2013;credit_card;?
MaCoelho93;Marta Coelho;F;<missing>;06/08/2014;credit_card;active
CláudMiranda;Cláudio Miranda;M;29/07/1992;30/07/2016;debit_card;?
EmBaptista86;Ema Baptista;;18/10/1955;17/04/2021;debit_card;active
KévNeves;Kévim Neves;M;16/12/1963;13/08/2021;credit_card;ctive
ValentinaGomes142;Valentina-Teresa Gomes;F;17/12/1980;13/12/2015;credit_card;activ
TatPereira37;;F;16/09/1973;18/12/2011;credit_card;active
LunCarneiro22;Luna Carneiro;F;01/08/1988;22/22/2014;credit_card;active
MiBatista;Mia Batista;F;1950/06/10;16/01/2018;credit_card;active
RaReis;Raquel Reis;F;12/07/2000;13/03/2015;;active
EriPinho-Rodrigues;Erika Pinho-Rodrigues;F;29/01/1957;11/05/2018;cash;<missing>
SalMoreira;Salomé Moreira;F;20/09/1963;2011/10/02;credit_card;active
LuíPacheco55;Luísa Pacheco;F;<missing>;13/09/2018;debit_card;active
IsaaGuerreiro8;Isaac Guerreiro;M;19/04/1986;30/06/2020;;ACTIVE
ErikLeal-Neto;;F;25/05/1983;08/06/2019;credit_card;active
;Juliana Neves;F;29/02/1984;18/11/2020;credit_card;active
Sofia-EOliveira;Sofia-Erica Oliveira;F;22/08/1958;15/11/2018;;active
MafaldAraújo;Mafalda-Luana Araújo;F;1974;10/02/2020;cash;active
PetLima6;Petra do Lima;F;27/03/1992;25/08/2018;cash;actve
AnitLoureiro-Leal;Anita Loureiro-Leal;F;08/11/1982;52/09/2019;debit_card;active
AFigueiredo92;António Figueiredo;M;03/04/1983;07/12/2017;debit_card;
DavNunes;David Nunes;M;14/03/1964;06/03/2014;credit_card;
LisandCastro;Lisandro Castro;M;24/12/1981;22/03/2019;debit_card;?
DianMaia;Diana Maia;;23/02/1967;17/03/2018;cash;inactive
LucTeixeira15;Lucas Teixeira;M;26/12/1990;08/02/2021;;active
FloCosta;Flor Costa;F;14/11/1955;22/11/2014;credit_card;acive
EriFigueiredo120;Erica Figueiredo;F;date;23/03/2010;debit_card;active
AfoNunes;Afonso Nunes;;26/03/1978;11/11/2020;debit_card;active
;Larissa Oliveira;F;31/08/1956;19/07/2010;credit_card;active
;Ivo Rocha;M;24/11/1994;17/05/2013;cash;inactive
SamuMarques-Vieira;Samuel Marques-Vieira;M;<missing>;11/08/2012;credit_card;Active
CarCosta;Carlota Costa;F;13/09/1989;///;cash;active
NMoreira18;;F;30/10/1958;01/10/2017;debit_card;active
AnMonteiro129;Anita Monteiro;F;18/09/1952;12/03/2014;credit_card;<missing>
ConstanBaptista;Constança Baptista;F;07/01/2003;2018;credit_card;active
RafaNascimento;Rafaela Nascimento;;18/12/1979;18/12/2013;credit_card;active
SantSousa50;Santiago Sousa;M;11/03/1982;13/09/2017;credit_card;
YaMoura42;Yara Moura;F;16/06/1956;<missing>;cash;active
XaviePaiva;Xavier Paiva;M;02/09/1978;04/18/2011;credit_card;active
DiJesus;Diogo de Jesus;M;23/12/1985;06/05/2021;credit_card;actie
EmMacedo-Mendes24;Ema Macedo-Mendes;F;06/09/1984;24/09/2011;;active
MigueBarbosa110;Miguel Barbosa;M;16/02/1962;07/09/2018;;active
CMachado148;Constança Machado;F;02/09/1966;23/11/2011;debit_card;<missing>
KCampos66;Kevin Campos;M;25/03/1974;2014/07/10;credit_card;active
TomMacedo;Tomás Macedo;M;22/06/1960;14/03/2010;;active
BrFernandes-Nascimento106;Bruno Fernandes-Nascimento;M;09/07/1962;;credit_card;active
CCastro21;;M;04/11/1973;11/02/2016;cash;active
SamRodrigues95;Samuel Rodrigues;M;14/08/1961;date;credit_card;active
EMacedo111;Enzo Macedo;M;10/10/1979;06/03/2021;debit_card;?
MigueCruz110;Miguel Cruz;M;49/10/2002;07/02/2017;credit_card;active
RGarcia22;Rui Garcia;M;08/11/1970;2011;credit_card;active
;Gabriel Almeida;M;24/02/1983;06/04/2018;debit_card;active
;Rodrigo de Mota;M;11/12/1999;24/01/2017;debit_card;active
NPinheiro112;Núria da Pinheiro;F;03/08/1954;date;debit_card;active
SebaMatos;Sebastião Matos;;11/04/1983;21/08/2015;credit_card;active
JoaquPacheco;Joaquim Pacheco;M;22/02/1957;2011;credit_card;active
AndrFaria;André Faria;M;60/07/1990;02/03/2014;debit_card;active
BeMelo;Benedita Melo;F;11/06/1987;2015;credit_card;ACTIVE
DanAndrade7;Daniela Andrade;F;27/08/1990;25/09/2021;cash;<missing>
;Samuel Fonseca;M;25/02/1976;04/07/2017;debit_card;active
FMoreira78;Fábio do Moreira;M;13/09/1989;04/02/2017;credit_card;<missing>
VascAzevedo28;;M;12/08/2002;01/07/2012;credit_card;active
AlexPinho;;F;04/03/1955;19/06/2013;debit_card;inactive
TGarcia107;Tatiana Garcia;;15/04/1967;19/03/2010;credit_card;active
TaRodrigues133;Tatiana Rodrigues;F;28/12/1966;52/08/2021;debit_card;active
ECardoso2;Eduardo Cardoso;;18/07/1982;26/06/2018;credit_card;active
InFreitas;Inês Freitas;F;13/02/1970;20/11/2021;credit_card;
GustaNogueira;Gustavo Nogueira;M;12/10/1998;;cash;active
DiAnjos38;Dinis Anjos;M;30/10/1958;31/12/2010;credit_card;ative
TomPinho18;Tomé Pinho;M;27/03/1991;42/12/2018;debit_card;active
MaBaptista122;Marco Baptista;;09/11/1966;23/01/2010;credit_card;active
EmíliCruz146;Emília Cruz;F;date;21/04/2011;cash;active
FernaAlmeida-Lopes16;Fernando Almeida-Lopes;M;///;23/12/2011;credit_card;active
LúcCorreia-Garcia46;Lúcia Correia-Garcia;F;02/01/2001;26/04/2010;credit_card;<missing>
;Eduardo da Campos;M;23/06/1998;13/03/2010;credit_card;active
IsaaHenriques83;Isaac Henriques;M;07/06/1983;16/12/2017;;active
CarNogueira;Carlota Nogueira;F;53/03/1966;26/01/2020;cash;active
FrMendes;Francisca Mendes;F;05/10/1991;21/02/2016;debit_card;ctive
PilaMonteiro64;Pilar Monteiro;F;01/11/1953;28/18/2014;credit_card;active
;Salvador Miranda;M;05/10/1981;13/04/2015;credit_card;active
PatríTorres-Costa59;Patrícia Torres-Costa;F;29/06/1999;19/04/2012;;active
LRocha3;Luana Rocha;F;///;19/12/2020;cash;active
;Francisca Cardoso;F;24/08/1970;23/04/2018;credit_card;active
JéssRodrigues136;Jéssica Rodrigues;F;16/07/1961;30/08/2016;cash;
PiMatos;Pilar Matos;F;19/11/1989;27/11/2011;;active
LoCorreia;Lorena de Correia;F;28/12/1996;21/02/2011;cash;acive
CaDomingues51;;F;21/01/1989;26/04/2017;credit_card;active
;Eduarda Tavares;F;18/10/1989;30/04/2016;cash;active
MiriaAraújo;Miriam Araújo;F;06/07/1970;23/03/2017;;active
EmanFernandes97;Emanuel Fernandes;M;21/12/1977;;cash;active
IsabLoureiro;Isabel Loureiro;F;06/10/1983;05/02/2013;credit_card;<missing>
SandrCardoso-Melo;Sandro Cardoso-Melo;M;12/02/1957;25/07/2015;credit_card;?
GustavAlmeida;Gustavo Almeida;M;09/01/1990;28/08/2018;cash;<missing>
WilsoFernandes-Pinho;Wilson Fernandes-Pinho;M;10/05/1987;?;debit_card;active
;Luciana Branco;F;12/04/1980;27/02/2016;credit_card;active
LarVicente85;Lara Vicente;F;06/05/1966;24/09/2019;cash;<missing>
NoTeixeira;Noah Teixeira;M;25/05/1961;06/10/2011;cash;
AFaria40;Amélia Faria;F;10/22/1970;12/02/2015;credit_card;active
IsabPaiva55;Isabel Paiva;F;01/03/1953;;cash;active
GasGarcia69;Gaspar Garcia;M;///;05/06/2019;credit_card;active
FilVieira108;Filipa Vieira;F;11/03/1977;05/06/2019;debit_card;<missing>
;Júlia Lopes;F;16/02/1963;18/04/2016;debit_card;ACTIVE
NoaLima21;Noah Lima;M;date;01/07/2015;cash;active
KéFaria123;Kévim Faria;M;06/05/1958;57/05/2021;debit_card;active
FrancisHenriques102;Francisca-Flor Henriques;F;01/04/1971;15/08/2011;credit_card;?
ÁlvAnjos-Macedo22;Álvaro Anjos-Macedo;;27/06/1981;23/09/2016;cash;active
JorgCunha;;M;16/04/1975;15/12/2017;credit_card;active
WillRodrigues;William Rodrigues;M;26/01/1994;17/06/2010;debit_card;<missing>
GasPinto;Gaspar Pinto;;21/01/1992;19/11/2012;credit_card;active
EmLeal20;Emma Leal;F;23/08/1992;04/11/2017;cash;actie
LuanCastro37;Luana Castro;F;17/12/1986;23/04/2013;cash;actve
MateAraújo123;Mateus Araújo;;23/09/1995;04/02/2014;debit_card;active
MargariBrito-Matias;Margarida Brito-Matias;F;41/04/1977;21/10/2010;cash;active
Matilde-ViVicente;;F;21/04/1951;14/08/2015;cash;active
RúBrito;Rúben Brito;M;06/09/1958;16/06/2021;debit_card;?
;Alice Castro;F;22/11/1981;05/02/2011;cash;active
YaFernandes;Yasmin Fernandes;F;///;09/09/2021;cash;inactive
EdCruz;Edgar Cruz;M;///;27/02/2013;credit_card;active
GasLopes16;Gaspar Lopes;M;28/07/1970;13/07/2012;credit_card;
AleDomingues30;Alexandre Domingues;M;12/11/1969;27/12/2011;cash;?
CaroAraújo1;Carolina Araújo;F;17/09/2001;<missing>;credit_card;inactive
AlexanPacheco40;Alexandre Pacheco;M;31/12/1961;07/02/2010;debit_card;activ
BSilva21;Bianca Silva;F;21/06/1963;02/06/2019;cash;
JoãLima106;João Lima;M;29/09/1964;20/04/2016;;active
AriaFerreira44;Ariana Ferreira;F;16/12/2003;date;debit_card;active
FRamos17;Fabiana Ramos;;16/02/1957;21/11/2017;debit_card;active
IrFonseca80;Irina Fonseca;F;;22/04/2021;cash;active
AlexCarvalho-Castro127;Alexandre Carvalho-Castro;M;1984;20/10/2015;debit_card;active
RenaFaria114;Renato Faria;M;24/04/1967;23/02/2018;credit_card;activ
VítoReis78;Vítor Reis;M;17/01/1963;14/01/2016;debit_card;
NicoMorais;Nicole Morais;F;15/01/1971;02/01/2021;cash;?
Fabiana-LuísVicente;Fabiana-Luísa Vicente;F;27/08/2004;08/01/2017;debit_card;
AfonPinheiro;Afonso da Pinheiro;M;27/04/1960;21/04/2017;credit_card;?
KBarbosa96;Kévim Barbosa;M;date;04/03/2017;cash;active
ÍrLeal-Abreu;Íris Leal-Abreu;F;16/10/1980;12/02/2011;credit_card;
YaMendes41;Yasmin Mendes;F;04/07/1971;;debit_card;active
;Dinis Ribeiro;M;04/09/1966;10/06/2013;cash;active
MFigueiredo115;Matias do Figueiredo;M;10/02/1999;05/03/2016;credit_card;<missing>
;Kevin Rodrigues;M;21/11/1950;19/11/2013;credit_card;inactive
ÉrMendes-Figueiredo123;Érica Mendes-Figueiredo;F;08/01/1975;12/06/2010;cash;ative
CésPinheiro57;;M;15/05/1986;08/09/2020;debit_card;active
ArianMarques;Ariana Marques;F;///;02/05/2011;debit_card;active
DaniAraújo-Barros;Daniela Araújo-Barros;F;23/01/1985;34/02/2018;debit_card;ACTIVE
;Renato Almeida;M;14/08/2001;27/06/2021;cash;active
Luísa-Leal134;Luísa-Adriana Leal;F;28/06/1957;date;credit_card;active
MaRocha2;Marcos da Rocha;M;1971;15/10/2021;debit_card;active
;Luna Rodrigues;F;26/06/1993;03/02/2016;credit_card;active
RodriMoreira59;Rodrigo Moreira;M;16/06/1980;19/08/2019;cash;ctive
AntCunha;António da Cunha;M;01/22/1966;14/08/2018;cash;active
MiCruz83;Miriam Cruz;F;09/02/1966;22/11/2014;cash;ctive
LourCunha48;Lourenço Cunha;M;02/11/1960;17/09/2016;cash;<missing>
AndrRamos84;Andreia Ramos;F;21/04/1975;2016/12/31;cash;active
LuAlmeida149;Luís Almeida;;15/12/1990;27/10/2013;cash;active
;Marta do Faria;F;03/02/1979;14/10/2019;credit_card;active
;Inês Domingues;F;18/02/1956;03/09/2019;debit_card;active
;Lia Nogueira;F;16/09/1972;13/02/2013;debit_card;active
NeHenriques;Nelson Henriques;;24/10/1982;09/03/2018;credit_card;active
AlexandrCardoso;Alexandre Cardoso;M;23/08/1950;04/06/2013;cash;<missing>
YGaspar71;Yasmin Gaspar;F;17/04/1954;14/12/2017;credit_card;?
LucEsteves61;Luca Esteves;M;1959/04/21;29/07/2020;debit_card;active
BeneditTorres;Benedita Torres;F;01/09/1958;05/07/2019;credit_card;<missing>
EmmCoelho23;Emma do Coelho;F;10/12/1996;11/08/2019;cash;?
PauMoura;Paulo Moura;M;23/11/1952;14/01/2018;;active
ErMiranda56;Erica da Miranda;F;14/06/1997;31/01/2014;credit_card;?
MAraújo34;Mauro Araújo;;06/10/2003;07/08/2018;debit_card;active
;Wilson Cruz-Amorim;M;30/05/1955;13/09/2013;debit_card;active
FabiNeves89;Fabiana Neves;F;29/09/1960;06/05/2020;credit_card;
GuilhermMarques;Guilherme Marques;M;///;31/08/2013;cash;active
NoaSoares;Noah Soares;;24/12/1996;30/07/2015;debit_card;active
LarissJesus;Larissa Jesus;F;26/12/1975;60/11/2016;debit_card;active
;Joel Moura;M;14/07/1989;10/05/2021;cash;active
APereira-Mendes;Alícia Pereira-Mendes;F;19/06/1982;06/09/2013;;active
FloMota;Flor Mota;F;59/12/1996;28/06/2011;cash;active
IsmaMota;Ismael Mota;M;09/10/1951;11/01/2010;credit_card;ative
EmmValente70;Emma do Valente;F;1963;23/09/2011;credit_card;active
IgRibeiro;Igor Ribeiro;M;18/05/1951;22/05/2012;;active
BruMoreira84;;F;16/08/1987;04/08/2021;debit_card;Active
IGomes26;Irina Gomes;F;02/04/1991;;credit_card;active
GasPinho;Gaspar Pinho;M;38/03/1962;20/05/2015;cash;active
;Rafaela Amaral;F;19/04/1951;15/05/2010;debit_card;active
Ema-IrinAndrade86;Ema-Irina Andrade;F;18/02/1951;12/07/2021;cash;?
CriCunha63;Cristiano Cunha;M;13/04/1979;10/04/2011;debit_card;<missing>
NCardoso73;Nair Cardoso;;27/10/1951;01/07/2016;cash;active
FábiGarcia112;Fábio Garcia;;03/11/1990;05/06/2020;cash;active
DeniVicente;Denis Vicente;M;01/06/1950;05/05/2019;cash;ative
;Marco Lourenço;M;21/10/2003;08/12/2013;cash;active
MáCampos100;Mário Campos;M;08/02/2000;2017/11/16;debit_card;Inactive
LeandrMota;Leandro Mota;M;03/10/1979;15/02/2015;cash;ACIVE
BerFerreira2;;M;16/06/1980;14/11/2021;credit_card;active
ICastro110;Ivo Castro;M;26/03/1980;25/10/2021;cash;ative
PeCardoso140;;F;28/10/1977;13/03/2015;debit_card;active
AfonsFaria91;Afonso Faria;;30/10/1994;21/04/2014;debit_card;active
NTeixeira99;Núria do Teixeira;F;03/02/1981;11/07/2015;credit_card;
VitórMoreira;;F;10/03/1956;17/10/2010;cash;active
Carlota-BianMiranda94;Carlota-Bianca Miranda;F;09/08/1989;26/12/2020;credit_card;<missing>
RúAnjos109;Rúben Anjos;M;?;29/01/2010;cash;active
BSilva69;Bárbara Silva;F;?;09/10/2020;debit_card;active
ÉValente60;Érica de Valente;F;21/02/1958;09/03/2017;cash;<missing>
NuRibeiro;;M;20/02/1958;09/10/2010;cash;active
GiDomingues124;Gil da Domingues;M;;18/04/2011;credit_card;active
JúliAlmeida67;Júlia-Carolina Almeida;F;05/09/1993;2021/12/01;debit_card;active
MelMendes69;Melissa Mendes;F;29/01/1978;04/01/2010;;active
RaquMelo118;Raquel Melo;F;23/09/1959;28/07/2019;debit_card;?
RúbeGarcia92;Rúben Garcia;M;///;30/04/2013;cash;active
AfonFerreira;;M;27/08/1955;01/05/2014;credit_card;active
SamuLourenço;Samuel Lourenço;M;///;21/10/2010;debit_card;active
NunAssunção130;Nuno Assunção;;02/12/1968;11/07/2017;cash;active
PeSilva71;Pedro Silva;M;27/12/1991;09/08/2013;cash;
LuMartins46;Lucas Martins;M;27/06/1987;2019/06/21;credit_card;active
CarmNeto;Carminho Neto;F;23/11/1991;16/06/2016;;active
TiagMoreira;;M;06/07/1969;26/11/2011;credit_card;inactive
;Leonor Leite;F;07/09/1992;09/04/2012;cash;ACTIVE
MaTavares111;Maria Tavares;;26/05/1967;20/06/2012;credit_card;active
DiBatista110;Dinis Batista;M;23/07/1982;09/11/2016;;active
RaquFernandes21;Raquel do Fernandes;F;24/09/1969;02/09/2021;cash;ative
CamiCarvalho15;Camila Carvalho;F;07/12/1958;02/09/2016;credit_card;ctive
CriNogueira;Cristiano Nogueira;M;07/05/1957;;credit_card;active
;Mateus Nascimento;M;18/01/1998;11/02/2019;debit_card;active
PAntunes87;;M;03/01/1986;10/05/2019;cash;active
;Erika Brito;F;24/08/1986;02/05/2017;debit_card;active
PeCastro26;Pedro Castro;;26/03/1978;18/04/2020;cash;active
LúciFreitas;Lúcia Freitas;F;06/07/1989;26/04/2016;cash;?
GaMartins3;Gabriel Martins;M;25/09/1961;17/07/2018;;active
;Gustavo Ribeiro;M;14/12/1985;27/07/2018;credit_card;active
JoMaia50;João Maia;M;09/11/1961;17/09/2020;;active
IarAlmeida;Iara Almeida;F;07/12/1987;27/08/2015;;active
DanieCunha;Daniela Cunha;F;28/02/1987;21/11/2018;credit_card;acive
GabriGarcia121;Gabriela Garcia;F;25/09/1990;26/08/2015;credit_card;<missing>
NoMendes103;Noah Mendes;M;11/09/1950;09/10/2012;debit_card;<missing>
CaroNeto;Carolina Neto;;29/09/1959;04/05/2020;debit_card;active
ISilva90;Inês Silva;F;31/10/2001;23/06/2021;;active
SarMonteiro;;F;26/08/1984;01/10/2019;cash;active
AriaLeal82;Ariana Leal;F;06/03/1951;13/03/2018;cash;
GaspMoreira80;Gaspar Moreira;M;14/07/2003;2018/04/05;credit_card;ACTIVE
ValeAlves60;Valentim Alves;M;14/10/1979;30/09/2021;credit_card;<missing>
BAmaral93;Bruna Amaral;F;14/06/1968;27/09/2019;credit_card;
FTeixeira149;Fábio de Teixeira;M;1976;21/04/2015;cash;active
VioPinho;Violeta Pinho;F;12/10/1954;21/09/2016;credit_card;<missing>
MaCastro13;Maria Castro;F;15/06/1970;;debit_card;active
Mariana-Amaral117;Mariana-Kelly Amaral;F;19/03/2000;28/19/2021;credit_card;active
;Igor Matos;M;24/07/2004;28/07/2020;cash;active
RafaeNeves143;Rafaela Neves;F;21/01/1968;///;credit_card;active
BEsteves84;Benjamim Esteves;M;02/03/1960;29/04/2013;credit_card;<missing>
Vitória-IsabPacheco1;Vitória-Isabela Pacheco;F;1990;16/03/2014;credit_card;active
MargaNascimento117;Margarida-Mia Nascimento;F;26/05/1974;21/02/2011;debit_card;<missing>
LRocha59;Lucas Rocha;M;1962;04/11/2014;credit_card;active
SalvPinto51;Salvador Pinto;M;03/10/1990;2012;cash;active
EdgCoelho101;Edgar Coelho;M;09/05/2001;09/11/2020;debit_card;
MFaria-Batista;Martim Faria-Batista;M;02/10/1991;01/05/2014;credit_card;?
GAbreu;Gabriela Abreu;F;;18/12/2019;credit_card;active
Gabriela-JúliGaspar;Gabriela-Júlia Gaspar;F;21/08/1977;25/09/2017;;active
AlGaspar142;Alice Gaspar;F;05/07/1977;26/12/2012;debit_card;<missing>
CoPinheiro98;Constança Pinheiro;F;07/10/1977;17/24/2010;debit_card;active
LisandrFerreira;Lisandro Ferreira;M;28/08/1986;10/03/2014;credit_card;activ
LucCampos125;Luca Campos;M;03/09/1978;08/11/2021;credit_card;
LauCoelho;Laura do Coelho;F;21/04/1989;10/09/2011;;active
MiMatos143;Mia Matos;;12/10/1987;19/12/2011;credit_card;active
LucaBarros-Sá85;Lucas Barros-Sá;;12/08/2001;05/05/2014;debit_card;active
AdrianLeal8;Adriana Leal;F;02/02/1957;16/10/2021;debit_card;<missing>
LRibeiro-Pacheco;Luana Ribeiro-Pacheco;F;20/05/1972;<missing>;credit_card;active
AnitVieira;Anita Vieira;;31/08/1982;04/03/2016;debit_card;active
;Ismael Castro-Henriques;M;31/12/1955;30/06/2012;debit_card;active
MEsteves93;Mafalda da Esteves;;22/08/1975;15/02/2013;debit_card;active
SorBranco149;Soraia Branco;F;14/06/1985;01/06/2010;;active
InêMota17;Inês Mota;F;27/02/1952;08/05/2018;;active
LunValente;Luna Valente;F;07/01/1961;30/01/2011;credit_card;<missing>
;Erica-Lia Machado;F;20/06/1968;21/03/2019;credit_card;active
;Diana Assunção;F;26/12/1958;07/08/2011;credit_card;active
MirCruz42;Miriam Cruz;F;<missing>;21/08/2019;cash;active
FrancisCorreia-Borges26;Francisco Correia-Borges;;24/04/1989;07/01/2014;cash;active
JoRodrigues;Joel Rodrigues;M;15/08/1954;date;debit_card;active
MadTorres127;Madalena da Torres;F;51/02/1982;01/08/2016;cash;active
ToSantos;Tomás Santos;M;13/01/2003;date;debit_card;active
AliGomes-Gomes134;Alice Gomes-Gomes;F;23/12/1992;18/05/2014;credit_card;actie
LetícBorges-Monteiro;Letícia Borges-Monteiro;;19/10/1965;25/05/2017;cash;active
MarSimões133;Maria Simões;F;17/03/1977;02/08/2015;debit_card;?
MafaldGaspar65;Mafalda Gaspar;F;///;25/06/2018;credit_card;active
LiPereira65;Lia Pereira;;28/06/1962;15/03/2015;cash;active
ManRamos143;Manuel do Ramos;M;22/09/2002;29/08/2015;credit_card;?
;Xavier Marques;M;20/09/1952;23/10/2011;credit_card;active
MiMatias113;Mia Matias;F;26/10/1982;10/03/2016;cash;nactive
DavAmaral;David Amaral;M;05/02/2003;19/02/2015;cash;actie
ClHenriques78;Clara Henriques;F;04/02/1991;08/13/2020;credit_card;active
LuBranco25;Luísa Branco;F;1991/03/11;05/06/2017;debit_card;active
TomáMelo84;Tomás Melo;M;10/12/1997;23/07/2012;credit_card;
FRocha-Henriques43;;M;01/10/1954;21/10/2013;debit_card;active
MarcoPacheco145;Marcos Pacheco;M;25/03/1990;13/12/2018;credit_card;
BLeal71;Bryan Leal;M;13/11/1991;02/09/2013;cash;activ
CarloDomingues121;Carlota Domingues;F;04/06/1973;04/06/2021;debit_card;activ
NáGaspar;Nádia Gaspar;F;22/09/1967;21/02/2016;debit_card;<missing>
ViolCorreia8;Violeta Correia;F;28/11/1973;10/08/2016;;active
KMorais122;Kyara Morais;F;14/05/1954;30/10/2014;;active
DuDomingues35;;M;30/05/2003;31/12/2016;cash;active
JulMartins19;;F;01/08/1981;04/08/2017;cash;active
;Margarida Freitas;F;17/04/1966;17/11/2015;debit_card;active
TomFigueiredo112;Tomé Figueiredo;M;14/11/1967;09/07/2011;credit_card;<missing>
JosPinto73;José Pinto;M;23/06/1953;57/01/2016;cash;active
ÂngelVaz-Rocha;;M;04/03/1952;01/03/2015;debit_card;active
KyVaz77;Kyara Vaz;F;21/07/1950;11/05/2018;;active
MFerreira45;Marco Ferreira;M;10/08/1980;04/11/2020;;ACTIVE
FiAzevedo24;Filipa Azevedo;F;19/06/1970;10/10/2017;debit_card;
DReis55;Dinis Reis;M;///;07/05/2013;cash;active
PilaNunes45;Pilar da Nunes;F;16/11/1954;13/08/2012;;active
IBarros93;Isaac Barros;M;16/03/1957;24/08/2012;cash;<missing>
NoNunes75;Noa da Nunes;M;21/12/1974;16/01/2014;credit_card;<missing>
SoBorges;Sofia Borges;F;12/04/1977;18/07/2020;credit_card;?
BryaMachado48;Bryan do Machado;M;03/01/1969;26/10/2017;debit_card;ctive
LunAmorim14;Luna do Amorim;F;03/08/1993;03/10/2019;cash;?
;Lara Cruz;F;26/09/1968;25/07/2016;debit_card;active
NelsoFigueiredo;Nelson Figueiredo;M;11/02/1977;29/10/2010;cash;<missing>
IrSousa;Irina Sousa;F;31/24/1991;23/07/2017;cash;active
RenatBarbosa93;Renata-Laura Barbosa;F;14/09/1964;25/04/2010;;active
JulSoares;Juliana Soares;F;06/06/1967;05/23/2012;cash;inactive
ÁlCosta-Ferreira62;Álvaro Costa-Ferreira;M;;04/04/2020;credit_card;active
ÉricCastro;Érica-Clara Castro;F;<missing>;08/11/2013;debit_card;active
;Renato Amorim;M;26/01/1956;07/03/2012;cash;active
KeAssunção;Kevin Assunção;M;02/10/1970;13/06/2020;debit_card;
GaspaRocha-Andrade;Gaspar Rocha-Andrade;;20/02/1997;25/08/2020;credit_card;active
;Matilde Nogueira;F;09/04/1989;22/01/2015;credit_card;active
LisandMaia;Lisandro Maia;;24/01/1957;05/01/2010;debit_card;active
CataMarques79;Catarina de Marques;F;10/05/1995;2019;credit_card;active
MLoureiro47;Mauro Loureiro;M;08/20/1964;11/02/2014;credit_card;active
SaCoelho139;Samuel Coelho;M;13/06/1969;14/08/2013;;active
IaBaptista;Iara Baptista;F;04/24/1999;06/11/2020;cash;active
AnitCampos59;Anita Campos;F;05/11/1981;30/07/2015;;active
BenCarvalho;Benedita Carvalho;F;27/09/1982;04/09/2012;cash;?
IaGaspar-Lourenço;Iara Gaspar-Lourenço;F;56/01/1995;15/06/2021;credit_card;active
NúrFigueiredo;;F;10/04/1971;17/12/2012;cash;inactive
DuarMendes;Duarte Mendes;M;29/04/1981;23/02/2017;;active
KeGomes88;Kevin Gomes;M;40/07/1950;03/09/2013;cash;active
JoCorreia122;José Correia;M;17/12/1983;04/08/2012;cash;
AVaz106;Ana Vaz;F;18/07/1961;19/14/2016;credit_card;active
CarmFreitas114;Carminho da Freitas;F;17/04/1962;02/07/2013;cash;<missing>
;Inês Figueiredo;F;29/03/1975;02/11/2012;credit_card;active
NoFerreira81;Noah Ferreira;M;13/05/2002;2014;credit_card;active
SimMarques;Simão Marques;M;08/12/1997;2013/05/12;credit_card;active
LTavares55;Luís Tavares;M;20/03/1976;?;credit_card;inactive
;Amélia Correia;F;04/11/1972;07/02/2021;debit_card;active
BruLima94;Bruno Lima;;11/08/1971;13/04/2016;cash;active
;Nelson Abreu;M;01/12/1953;07/06/2013;credit_card;active
FilipBarbosa-Freitas149;Filipa Barbosa-Freitas;F;date;07/07/2015;credit_card;active
NádSilva;Nádia do Silva;F;07/10/1970;23/12/2015;credit_card;
DavPinheiro13;;M;03/03/1959;15/06/2011;credit_card;active
LuAmaral-Rodrigues;;F;16/06/1985;12/05/2020;cash;inactive
FraSantos;Francisco Santos;M;date;18/09/2014;cash;inactive
PeJesus109;Pedro Jesus;M;date;11/10/2017;cash;active
CláMorais-Figueiredo;Cláudio Morais-Figueiredo;M;05/10/1968;27/08/2015;;ACTIVE
MatilRamos24;Matilde Ramos;F;01/03/1958;<missing>;debit_card;active
LarMacedo22;Larissa Macedo;F;13/01/1964;15/04/2016;;active
DanMelo134;Daniel Melo;M;20/12/1992;22/10/2013;debit_card;
CamOliveira5;Camila da Oliveira;F;08/08/1962;28/08/2016;debit_card;<missing>
FrancisCoelho;Francisco Coelho;M;15/03/1988;29/09/2011;credit_card;
GabriMoura138;Gabriel Moura;M;11/04/1970;02/03/2010;credit_card;
NelsNeves;Nelson Neves;M;27/11/1992;;cash;ACTIVE
MiGuerreiro46;Miguel Guerreiro;M;08/11/1996;08/12/2010;credit_card;
RenatSousa66;Renato Sousa;M;2001/03/23;08/03/2012;cash;active
BeatriPinheiro116;Beatriz Pinheiro;F;04/18/1988;06/09/2013;cash;active
NúAzevedo;Núria Azevedo;F;02/04/2004;date;credit_card;active
BCarneiro117;Bernardo Carneiro;M;26/01/1986;12/03/2010;credit_card;<missing>
ÍriGaspar128;Íris Gaspar;F;12/11/1992;05/12/2012;;active
IgMonteiro;Igor Monteiro;M;25/09/1994;08/03/2014;credit_card;ATIVE
HugNogueira118;Hugo Nogueira;M;13/07/1984;30/09/2018;cash;
AOliveira40;Ana Oliveira;F;24/09/1991;2015/03/30;debit_card;inactive
;Frederico Vaz;M;11/06/1981;11/09/2012;credit_card;Active
LeonoMatias76;Leonor Matias;F;07/04/1976;17/01/2020;credit_card;
IsabeGomes;Isabela Gomes;F;06/03/1998;04/05/2021;debit_card;actie
JMoreira21;Joana Moreira;F;20/05/1955;28/10/2017;;active
;Nuno Costa;M;31/03/1977;05/08/2016;credit_card;active
FrancFreitas;Francisca Freitas;F;01/01/1978;31/05/2011;credit_card;
ETeixeira42;Eva Teixeira;F;23/04/1962;13/03/2019;cash;?
MaFaria21;Marta Faria;F;28/15/2002;03/10/2018;credit_card;active
IriNunes;;F;02/11/1959;15/07/2021;debit_card;active
;Ismael Moreira;M;13/11/1979;31/07/2018;debit_card;active
JLourenço136;José Lourenço;M;44/08/1959;10/11/2012;credit_card;active
SoBranco63;Sofia Branco;F;02/04/1969;20/07/2016;credit_card;ative
LiAlmeida110;Lia Almeida;F;1952;13/02/2019;credit_card;active
CéBranco10;César Branco;M;12/10/1977;27/11/2011;;active
NoaAbreu-Cunha;;M;08/09/1965;13/03/2010;cash;active
;Sebastião Lourenço;M;08/08/2001;17/06/2020;cash;active
Ema-RafaPaiva;Ema-Rafaela Paiva;F;12/11/1960;14/06/2015;debit_card;actie
LuaPacheco106;Luana Pacheco;;02/04/1997;16/10/2021;debit_card;active
BBranco143;;F;10/12/1958;14/08/2014;debit_card;active
IMatias118;Ivan Matias;M;13/01/1958;16/04/2011;cash;acive
SAzevedo22;Sara Azevedo;F;25/18/1955;15/09/2014;credit_card;active
SPinho112;Samuel Pinho;M;30/01/1988;;debit_card;active
AntóniCastro-Paiva;António Castro-Paiva;M;01/07/1960;22/01/2013;;active
CMatias9;Carminho Matias;;30/12/1962;22/03/2011;debit_card;active
JuRodrigues113;Juliana Rodrigues;F;date;12/03/2019;credit_card;active
RodriRamos;Rodrigo Ramos;M;29/03/1963;01/03/2013;;active
LuíMendes24;Luís Mendes;M;05/11/1977;14/10/2011;cash;actve
MatiAzevedo73;Matilde de Azevedo;F;1956/06/15;14/04/2015;debit_card;active
FiliJesus20;Filipe Jesus;M;19/02/1977;20/01/2016;cash;
VíFigueiredo13;Vítor da Figueiredo;M;?;09/12/2021;debit_card;active
AndrPinto87;André do Pinto;M;27/05/1973;date;cash;active
GuilGuerreiro64;Guilherme Guerreiro;M;date;12/06/2016;debit_card;active
FáGarcia-Rodrigues;Fábio Garcia-Rodrigues;M;date;13/07/2020;credit_card;active
NaiAntunes83;Nair Antunes;F;date;25/02/2015;cash;active
EricLima146;Erica Lima;F;12/08/1987;01/06/2018;;active
ICoelho73;Inês da Coelho;F;12/01/1992;26/08/2016;cash;
ToPinho30;Tomé do Pinho;M;12/03/1984;28/10/2016;cash;ctive
SandrCoelho35;Sandro Coelho;M;02/09/1995;20/01/2020;cash;
SebastiCruz;Sebastião de Cruz;M;04/04/1976;01/04/2015;debit_card;?
FilipBaptista-Monteiro141;Filipe Baptista-Monteiro;M;15/09/1986;03/16/2017;cash;active
SMartins146;Sandro Martins;M;04/08/1974;17/01/2010;;active
LVaz22;Luís Vaz;;06/08/1983;11/08/2013;cash;active
;Fábio Leite;M;23/02/1970;22/02/2020;debit_card;inactive
;Daniel Moreira;M;23/09/1985;15/07/2019;debit_card;inactive
;Luísa Santos;F;21/10/1959;06/06/2021;debit_card;inactive
NunPinto122;;M;04/09/1974;09/04/2013;cash;active
GaspEsteves92;Gaspar do Esteves;M;<missing>;02/05/2017;debit_card;active
;Carolina Silva;F;05/01/1964;22/11/2020;credit_card;active
LucMachado51;;M;01/05/1990;31/10/2019;cash;active
ÁlGomes;Álvaro Gomes;M;19/09/1962;27/12/2016;;active
MBaptista92;Mafalda Baptista;F;01/01/1972;14/08/2014;;active
DuarGaspar19;;M;06/04/1964;02/02/2015;debit_card;active
MeFernandes83;Melissa Fernandes;F;;17/04/2011;debit_card;active
ClarPinto;Clara Pinto;F;25/09/1972;2013;cash;active
LuísMatias;Luísa Matias;F;11/10/1967;06/02/2016;;active
MicSousa-Silva;Micael Sousa-Silva;;05/04/2001;29/11/2019;credit_card;active
;Joana Machado;F;19/12/1995;28/04/2015;cash;active
NúrGaspar;Núria Gaspar;F;29/07/1991;12/09/2010;debit_card;<missing>
DieCastro;Diego Castro;M;1958/03/21;18/11/2017;debit_card;active
IsaaLoureiro;Isaac Loureiro;M;08/04/1988;04/06/2019;debit_card;acive
MafaldLeal;Mafalda Leal;F;13/03/1992;19/08/2014;debit_card;<missing>
JMaia41;Joana Maia;F;22/02/1965;26/11/2010;cash;activ
SamTeixeira34;Samuel Teixeira;M;30/06/2000;29/02/2012;cash;<missing>
CaGomes93;Carolina Gomes;F;20/07/1988;38/01/2012;credit_card;active
VeLourenço;Vera Lourenço;F;17/08/1956;42/04/2018;debit_card;active
KeSá38;Kevin Sá;M;08/01/1963;25/01/2021;;active
;César Matos-Leal;M;17/06/2003;20/04/2010;cash;active
IRodrigues-Soares;Inês Rodrigues-Soares;F;11/01/1950;07/12/2018;credit_card;<missing>
TPereira146;Teresa Pereira;F;20/03/1997;;cash;active
BernCruz51;Bernardo Cruz;M;13/05/1991;03/03/2014;cash;ctive
TiagDomingues;Tiago Domingues;;17/04/1958;11/01/2010;debit_card;active
AlexNascimento55;Alexandre da Nascimento;M;22/04/1998;date;credit_card;active
RaqueMiranda71;Raquel Miranda;;04/09/1973;14/10/2021;cash;active
DaVieira5;Daniel Vieira;M;27/05/1971;16/10/2015;cash;
JulGaspar-Carneiro107;Juliana Gaspar-Carneiro;F;04/04/1992;03/07/2017;debit_card;ctive
FranciscLopes;Francisco Lopes;M;30/09/1993;2019/03/07;debit_card;active
FáSá;Fábio Sá;M;?;25/06/2014;cash;active
IvMatos-Pinho98;Ivo Matos-Pinho;M;15/09/1991;15/09/2013;;active
ABarbosa138;Anita da Barbosa;F;08/02/1975;;debit_card;active
JoPinto80;;F;22/11/2002;12/10/2016;credit_card;active
ÍNunes128;Íris de Nunes;F;02/06/1982;25/06/2018;credit_card;?
;Vicente Assunção;M;12/03/1978;14/07/2014;cash;active
WilsPacheco125;Wilson Pacheco;M;21/08/1985;<missing>;credit_card;active
ÍMelo21;Íris Melo;F;?;08/06/2019;cash;active
IPinto56;Irina Pinto;F;02/02/1980;///;credit_card;active
PatrícNeto-Valente;Patrícia Neto-Valente;F;25/15/1965;19/02/2018;credit_card;ACTIVE
EduarReis132;Eduardo Reis;M;21/02/2002;?;cash;active
BenjLeal-Ferreira;Benjamim Leal-Ferreira;M;03/08/1998;06/09/2017;debit_card;?
MargaMota11;Margarida Mota;F;18/10/1952;28/02/2020;debit_card;<missing>
SalCosta101;Salomé Costa;F;09/08/1989;?;credit_card;active
DieOliveira82;Diego Oliveira;M;13/06/1965;25/05/2014;credit_card;<missing>
MarPacheco64;Maria Pacheco;F;03/05/1996;31/07/2010;debit_card;?
MigueOliveira119;Miguel Oliveira;M;12/01/1978;2011/02/03;debit_card;active
IriNogueira-Andrade1;Irina Nogueira-Andrade;F;05/06/1968;;cash;active
;Cláudio Castro-Martins;M;25/04/1983;17/09/2019;debit_card;active
PauPacheco;Paulo Pacheco;;20/07/1950;20/03/2019;credit_card;active
YasmFaria39;Yasmin Faria;F;09/12/1984;2020;debit_card;active
;Bianca Pereira;F;15/03/2004;23/12/2017;cash;active
;Isabel Teixeira;F;18/12/1975;12/11/2013;cash;active
YMoreira89;Yara Moreira;F;17/05/2001;19/11/2018;credit_card;actie
PaulLeal143;Paulo Leal;M;25/03/1980;14/03/2015;;active
FiGomes;Filipa Gomes;F;03/03/1980;23/01/2021;;active
CláuAlves41;Cláudio Alves;M;1959;25/10/2017;debit_card;active
;Joana de Almeida;F;20/02/1952;04/09/2017;cash;active
AmélOliveira-Vaz120;Amélia Oliveira-Vaz;F;26/03/1976;date;cash;active
Victória-BárBorges43;Victória-Bárbara Borges;F;20/01/1970;2010/09/01;credit_card;active
MMarques74;Mara Marques;F;17/03/1950;30/10/2021;credit_card;ctive
LeFerreira136;Leandro do Ferreira;M;19/05/1995;10/07/2010;cash;<missing>
XaviMoura-Valente6;Xavier Moura-Valente;M;1985;20/04/2014;credit_card;active
GuSilva;;M;18/08/1952;31/01/2016;cash;Inactive
KeGarcia146;Kelly Garcia;F;29/05/1961;05/03/2015;;active
PNeves104;;F;13/05/1962;25/10/2010;cash;active
BMorais37;Bárbara Morais;F;09/01/2002;15/10/2015;cash;<missing>
SérgiSousa6;Sérgio Sousa;M;06/02/1952;12/22/2020;debit_card;Active
GasVicente-Assunção108;Gaspar Vicente-Assunção;M;15/01/1994;27/04/2017;debit_card;
GiMatias103;;M;23/02/1989;01/07/2019;debit_card;active
PetrAmaral;;F;21/08/1999;30/12/2020;debit_card;active
EdMarques9;Edgar Marques;M;04/06/1992;08/10/2021;credit_card;actve
LucMachado97;Luca Machado;M;17/11/1956;08/05/2021;;active
GuilhGaspar;Guilherme Gaspar;M;02/01/1960;20/03/2013;cash;acive
RCosta-Andrade149;Renata Costa-Andrade;F;15/08/1994;31/12/2018;cash;
GusRocha;Gustavo Rocha;M;16/07/2003;30/03/2010;debit_card;ative
ÂngeOliveira56;Ângela Oliveira;F;11/04/1992;10/06/2010;credit_card;activ
CrAndrade13;Cristiano Andrade;M;23/03/1959;;cash;active
GusCorreia131;Gustavo Correia;M;07/11/1970;28/06/2015;;active
ManueAlmeida;;M;18/08/1956;07/11/2014;cash;active
CaroTavares-Magalhães;Carolina Tavares-Magalhães;;17/08/1972;07/05/2014;cash;active
DeniMartins1;Denis de Martins;M;03/06/1983;23/02/2013;debit_card;?
;Mara Garcia;F;01/04/1975;12/08/2021;cash;active
NBorges81;Nelson do Borges;M;23/12/2001;26/01/2020;cash;?
FrCosta57;Francisca Costa;F;13/09/1968;31/08/2011;;active
NEsteves49;Naiara Esteves;F;27/11/1993;2014/04/29;cash;active
SaCosta112;Santiago Costa;M;29/04/2001;;cash;active
BárbarRodrigues48;;F;28/05/1992;15/05/2013;debit_card;active
VitAlmeida123;Vitória Almeida;F;11/03/1990;///;debit_card;active
MiMonteiro;Micael Monteiro;M;25/01/1982;31/03/2021;cash;
ÉricHenriques99;Érica Henriques;;30/05/1954;29/03/2012;debit_card;active
CarFerreira-Costa143;;F;26/01/1960;25/01/2019;debit_card;active
LaurNogueira23;Laura Nogueira;F;18/06/1996;19/04/2016;credit_card;activ
EMachado22;Emma Machado;F;04/08/1971;12/12/2019;;active
NoaLourenço91;Noah Lourenço;;26/08/1990;12/08/2011;cash;active
LAndrade56;Luciana Andrade;F;14/01/1983;02/05/2020;debit_card;?
MartiSimões-Monteiro54;Martim Simões-Monteiro;M;13/05/1988;18/08/2011;debit_card;<missing>
MargariSoares22;Margarida Soares;F;1984;04/08/2016;credit_card;active
FiMachado-Abreu36;Filipa Machado-Abreu;F;27/04/1981;23/01/2012;credit_card;
GiHenriques99;Gil Henriques;M;05/08/1988;30/05/2013;credit_card;acive
FiFonseca99;Filipe Fonseca;M;19/06/1951;2013;cash;ACTIVE
DiPires55;Dinis Pires;M;17/05/1980;///;cash;active
EriPinto136;Erica Pinto;F;1991;20/12/2013;credit_card;active
AliEsteves-Tavares80;Alice Esteves-Tavares;F;26/06/2002;?;debit_card;active
MiriMacedo37;Miriam Macedo;F;19/11/1971;23/05/2021;cash;?
AfonGaspar;;M;09/05/1980;09/12/2021;debit_card;active
ClPires53;Cláudio Pires;M;01/04/1965;19/11/2015;debit_card;
IsabOliveira92;Isabela Oliveira;;11/01/1965;11/05/2020;cash;active
MaNogueira12;Mariana Nogueira;;10/09/2003;13/12/2012;debit_card;active
AlexandRamos58;;M;28/06/1988;01/10/2014;debit_card;active
IsabMendes113;Isabel Mendes;;07/06/1957;14/12/2010;cash;active
FabiVicente25;Fabiana Vicente;F;21/06/1965;02/04/2010;debit_card;
ÍVicente;Íris Vicente;F;26/12/1996;17/05/2011;debit_card;actie
DaniAraújo53;;M;15/11/1968;01/09/2011;debit_card;active
TerCarneiro126;Teresa Carneiro;F;09/06/1959;28/12/2017;cash;
RafPinheiro8;Rafael Pinheiro;M;03/11/1976;13/13/2015;debit_card;active
DeniNeves96;Denis Neves;M;date;27/12/2017;credit_card;active
MaurCoelho125;Mauro Coelho;M;14/10/1951;26/10/2019;cash;?
ÂSoares56;Ângela de Soares;;29/05/1959;28/12/2016;credit_card;active
SamuLeite45;Samuel do Leite;M;27/09/1974;?;debit_card;active
ÍrMarques82;;F;05/12/2002;04/03/2017;debit_card;inactive
AméliMarques18;Amélia Marques;F;18/01/1975;07/08/2011;credit_card;?
;Jorge Pinheiro;M;26/06/1962;16/09/2021;cash;active
IAlves-Cunha102;Iara Alves-Cunha;F;;18/12/2013;credit_card;active
;Patrícia de Santos;F;23/02/1976;03/01/2013;credit_card;active
MarHenriques114;;F;07/05/1961;20/04/2015;cash;active
MélanSimões;Mélanie Simões;F;07/11/1968;11/07/2017;debit_card;
IsaaPereira;Isaac Pereira;M;04/03/1957;04/11/2015;;active
EmílSousa;Emília Sousa;F;///;16/07/2010;debit_card;inactive
EriGomes;Erica Gomes;F;02/12/1956;14/09/2018;credit_card;<missing>
DébAraújo;Débora Araújo;F;date;14/08/2018;credit_card;active
Valentina-ÂngMoreira92;Valentina-Ângela Moreira;F;?;13/02/2013;debit_card;active
KeMoura19;Kevin Moura;M;21/11/1951;<missing>;credit_card;active
NoaPinto3;Noah da Pinto;M;1977;28/12/2019;cash;active
AdrianCastro;Adriana Castro;;10/08/1984;06/12/2010;cash;active
LisaVaz60;Lisandro Vaz;M;09/12/1979;2019;credit_card;active
IrAlmeida125;Irina Almeida;F;12/08/1956;14/12/2019;debit_card;actve
LeMoura96;Letícia Moura;;04/12/1952;18/09/2021;cash;active
MiguRodrigues14;Miguel Rodrigues;M;1973;22/04/2017;debit_card;active
LAmorim2;Luna Amorim;F;05/06/1968;02/02/2016;debit_card;
CAlves-Sousa;Clara Alves-Sousa;F;13/07/1963;01/12/2015;credit_card;<missing>
BrunAntunes19;Bruna da Antunes;;20/01/1993;12/01/2019;credit_card;active
IsabeMacedo135;Isabel Macedo;F;14/12/1987;date;cash;active
AnNeves139;António Neves;M;08/06/1981;04/02/2014;cash;?
Carlota-MJesus125;Carlota-Madalena Jesus;F;12/08/1969;12/06/2019;cash;<missing>
;Denis Batista;M;28/02/1992;15/06/2011;cash;active
GustavCorreia;Gustavo Correia;M;17/08/1960;25/05/2016;;active
YVaz25;Yara Vaz;F;///;25/03/2010;debit_card;active
Laura-SoraMoreira;Laura-Soraia Moreira;F;38/09/1993;11/03/2010;cash;active
EnzPinho;Enzo Pinho;M;date;28/08/2012;credit_card;active
Mélanie-Magalhães87;Mélanie-Lorena Magalhães;F;04/10/1985;01/04/2014;cash;<missing>
WiAmaral22;Wilson Amaral;M;17/10/1992;25/08/2016;debit_card;<missing>
LúciTeixeira107;Lúcia Teixeira;F;1969/08/05;16/01/2019;debit_card;active
NunLeite;Nuno Leite;M;<missing>;09/05/2021;credit_card;active
;Carlota Loureiro;F;19/06/1987;20/09/2019;cash;active
LaAlves142;Lara Alves;;21/12/2002;04/06/2019;cash;active
MaLeal108;Matias Leal;M;03/04/1980;28/03/2011;cash;<missing>
MFaria56;Márcio do Faria;M;21/03/1988;26/02/2013;credit_card;<missing>
MaurMota;;M;23/07/2002;23/10/2018;cash;inactive
AnitCarneiro104;;F;01/01/1973;24/02/2019;credit_card;Active
LucLeite10;Lucas Leite;M;22/04/1963;///;credit_card;active
WilFonseca;;M;07/06/1977;28/01/2010;credit_card;active
YasmiMelo-Domingues104;Yasmin Melo-Domingues;F;27/17/1951;22/06/2013;debit_card;active
TomáBaptista22;Tomás Baptista;;27/11/1968;31/07/2018;debit_card;active
MafaLeite;Mafalda Leite;F;30/05/1973;<missing>;debit_card;active
LaurPereira61;Laura Pereira;F;///;27/12/2015;debit_card;Active
HugFreitas;Hugo Freitas;M;02/05/1951;26/12/2010;debit_card;acive
LetícBrito;Letícia Brito;F;10/08/1989;?;debit_card;active
GonçalMendes;Gonçalo Mendes;M;14/09/1979;10/07/2019;;active
AnAmaral40;;F;31/10/1989;26/04/2013;cash;active
BLourenço-Pinto78;Brian Lourenço-Pinto;M;<missing>;27/11/2014;debit_card;active
FrederiBranco;Frederico Branco;M;03/06/1985;<missing>;credit_card;active
TereBarros95;Teresa da Barros;F;15/10/1963;11/09/2021;credit_card;ative
NMendes8;Noah Mendes;M;26/02/1959;12/02/2020;;active
JúlMatos35;Júlia Matos;;22/05/1964;12/06/2019;credit_card;inactive
Iara-AlOliveira23;Iara-Alícia Oliveira;F;///;06/02/2020;cash;active
GustaTorres;Gustavo Torres;M;17/09/1985;2014;credit_card;active
IvCarvalho9;Ivo Carvalho;M;17/12/1982;01/07/2015;debit_card;
BárbaPereira43;Bárbara Pereira;F;///;02/02/2019;credit_card;active
VítoCoelho82;Vítor Coelho;M;30/05/2000;25/11/2018;debit_card;<missing>
AOliveira11;Amélia de Oliveira;F;?;26/03/2018;debit_card;active
KEsteves140;Kyara Esteves;F;05/05/1986;12/24/2021;credit_card;active
AliLeite41;Alice Leite;F;12/09/1973;24/05/2012;debit_card;?
;Caetana Carneiro;F;21/12/1953;23/05/2011;credit_card;active
DieBarbosa130;Diego Barbosa;M;<missing>;21/07/2018;credit_card;active
NelsoBarros34;Nelson Barros;M;<missing>;10/04/2015;debit_card;active
EmíliAmorim12;Emília Amorim;F;41/03/1960;29/07/2010;cash;Inactive
ConstaBorges94;Constança Borges;F;24/02/1999;29/04/2013;cash;<missing>
XavAzevedo99;Xavier Azevedo;M;08/06/1981;03/08/2019;;active
CaPinho121;Carlos Pinho;M;21/02/1973;24/10/2021;credit_card;<missing>
JPacheco104;Joel Pacheco;M;18/02/1992;10/08/2014;debit_card;<missing>
FernPaiva-Paiva17;Fernando Paiva-Paiva;M;19/12/1951;17/06/2018;credit_card;?
NuEsteves148;Nuno Esteves;M;2003/09/08;10/09/2016;cash;active
AdrAmorim117;Adriana Amorim;F;16/04/1978;?;debit_card;ACTIVE
NicoPinheiro39;Nicole Pinheiro;F;28/03/1978;07/11/2018;credit_card;actve
JéssAbreu;Jéssica Abreu;F;16/15/1981;19/01/2013;cash;active
CaMaia132;Carlos Maia;M;17/02/1955;///;debit_card;active
GasMelo-Sá;Gaspar Melo-Sá;;12/08/1961;13/01/2016;debit_card;active
HHenriques54;Henrique Henriques;M;06/08/1985;06/04/2013;cash;?
YNogueira81;Yara Nogueira;F;05/06/1963;2016;credit_card;active
;Carolina Sousa;F;09/08/1956;20/04/2013;debit_card;active
CarolGarcia;Carolina Garcia;F;11/06/1956;30/08/2014;;active
CaetSá39;Caetana Sá;;28/04/1975;02/10/2011;credit_card;active
ECruz1;Edgar Cruz;M;09/03/1963;09/08/2010;;active
CéMacedo12;César Macedo;M;19/07/1973;30/12/2010;credit_card;
Núria-AlicCunha;Núria-Alice Cunha;F;12/03/1991;26/08/2011;cash;
JorPires;Jorge da Pires;M;17/04/2002;20/05/2016;credit_card;<missing>
VioletFernandes53;Violeta Fernandes;F;2000/02/06;11/06/2012;cash;inactive
FerAntunes-Miranda52;Fernando Antunes-Miranda;M;1980/09/27;06/05/2018;cash;active
AméMaia24;Amélia Maia;F;20/11/1996;07/10/2012;cash;<missing>
TomáFreitas71;Tomás Freitas;M;26/04/1969;23/07/2018;;active
;Lourenço da Tavares;M;12/01/1987;29/03/2018;debit_card;active
WilsBatista57;Wilson Batista;M;10/09/1983;18/10/2016;credit_card;
;Lara Esteves;F;17/03/1981;23/10/2015;credit_card;active
TomMagalhães55;Tomé Magalhães;M;02/09/1960;25/03/2016;cash;?
PilaRamos131;Pilar Ramos;F;19/12/1975;04/09/2012;credit_card;<missing>
;Ângela Machado;F;18/07/1990;08/05/2010;cash;active
;Mariana Loureiro;F;31/08/1987;27/12/2015;credit_card;active
AntónPinheiro26;António Pinheiro;M;31/03/1991;06/04/2012;credit_card;
LúcFerreira146;Lúcia de Ferreira;F;?;11/09/2016;debit_card;ACTIVE
SoNeto89;Sofia Neto;F;20/08/2004;31/07/2014;credit_card;?
BeatSimões;Beatriz Simões;F;17/04/1962;07/09/2014;;active
YasBranco;Yasmin Branco;F;<missing>;13/06/2012;credit_card;active
RiRamos-Amorim82;Rita Ramos-Amorim;F;?;15/01/2011;cash;active
;Mauro Pinto;M;17/12/1953;30/05/2014;cash;active
;Emma do Magalhães;F;15/03/1965;30/11/2018;credit_card;active
SalomTeixeira2;Salomé Teixeira;F;25/07/1995;23/11/2013;debit_card;
BiSantos11;Bianca Santos;F;30/10/1975;28/11/2020;;active
KévBranco101;Kévim Branco;;05/08/2003;28/10/2021;credit_card;active
EBaptista105;Enzo Baptista;;20/01/1985;30/08/2017;credit_card;active
CAlmeida138;Clara Almeida;F;07/11/1999;03/05/2011;;active
JuliaSimões;Juliana Simões;F;17/07/1955;25/03/2012;;active
LúciSilva119;Lúcia Silva;F;23/01/1954;30/08/2021;;active
DenCarvalho148;Denis Carvalho;M;26/03/2004;20/11/2017;cash;
;Salvador Alves;M;28/11/1965;23/07/2012;credit_card;ACTIVE
;Isabel Miranda;F;13/02/1986;05/04/2013;credit_card;active
DanielGuerreiro62;Daniela Guerreiro;F;date;02/11/2018;credit_card;active
GustavSá;Gustavo Sá;M;<missing>;29/09/2011;cash;active
JoaLeite35;Joaquim Leite;M;11/09/1982;21/12/2015;credit_card;activ
BiancMoura146;Bianca Moura;F;14/10/1952;21/02/2016;cash;
ÁlGonçalves;Álvaro de Gonçalves;M;08/08/1980;01/05/2012;debit_card;?
RafFreitas145;Rafael Freitas;M;12/09/1971;18/10/2012;cash;
MaAssunção140;Maria da Assunção;F;21/06/1974;29/04/2018;credit_card;?
ÍriCardoso60;Íris Cardoso;F;1972/10/12;11/12/2018;debit_card;active
